# 로컬에서 데이터 베이스 사용하기
# Untitled.mwb 열어서 사용
use test;
INSERT INTO SIDO (ID, NAME, MOMID) VALUES (0,'에러',0),(11010,'서울특별시종로구',11),(11020,'서울특별시중구',11),(11030,'서울특별시용산구',11),(11040,'서울특별시성동구',11),(11050,'서울특별시광진구',11),(11060,'서울특별시동대문구',11),(11070,'서울특별시중랑구',11),(11080,'서울특별시성북구',11),(11090,'서울특별시강북구',11),(11100,'서울특별시도봉구',11),(11110,'서울특별시노원구',11),(11120,'서울특별시은평구',11),(11130,'서울특별시서대문구',11),(11140,'서울특별시마포구',11),(11150,'서울특별시양천구',11),(11160,'서울특별시강서구',11),(11170,'서울특별시구로구',11),(11180,'서울특별시금천구',11),(11190,'서울특별시영등포구',11),(11200,'서울특별시동작구',11),(11210,'서울특별시관악구',11),(11220,'서울특별시서초구',11),(11230,'서울특별시강남구',11),(11240,'서울특별시송파구',11),(11250,'서울특별시강동구',11),(21010,'부산광역시중구',21),(21020,'부산광역시서구',21),(21030,'부산광역시동구',21),(21040,'부산광역시영도구',21),(21050,'부산광역시부산진구',21),(21060,'부산광역시동래구',21),(21070,'부산광역시남구',21),(21080,'부산광역시북구',21),(21090,'부산광역시해운대구',21),(21100,'부산광역시사하구',21),(21110,'부산광역시금정구',21),(21120,'부산광역시강서구',21),(21130,'부산광역시연제구',21),(21140,'부산광역시수영구',21),(21150,'부산광역시사상구',21),(21510,'부산광역시기장군',21),(22010,'대구광역시중구',22),(22020,'대구광역시동구',22),(22030,'대구광역시서구',22),(22040,'대구광역시남구',22),(22050,'대구광역시북구',22),(22060,'대구광역시수성구',22),(22070,'대구광역시달서구',22),(22510,'대구광역시달성군',22),(23010,'인천광역시중구',23),(23020,'인천광역시동구',23),(23090,'인천광역시미추홀구',23),(23040,'인천광역시연수구',23),(23050,'인천광역시남동구',23),(23060,'인천광역시부평구',23),(23070,'인천광역시계양구',23),(23080,'인천광역시서구',23),(23510,'인천광역시강화군',23),(23520,'인천광역시옹진군',23),(24010,'광주광역시동구',24),(24020,'광주광역시서구',24),(24030,'광주광역시남구',24),(24040,'광주광역시북구',24),(24050,'광주광역시광산구',24),(25010,'대전광역시동구',25),(25020,'대전광역시중구',25),(25030,'대전광역시서구',25),(25040,'대전광역시유성구',25),(25050,'대전광역시대덕구',25),(26010,'울산광역시중구',26),(26020,'울산광역시남구',26),(26030,'울산광역시동구',26),(26040,'울산광역시북구',26),(26510,'울산광역시울주군',26),(29010,'세종특별자치시세종특별자치시',29),(31010,'경기도수원시',31),(31011,'경기도장안구',31),(31012,'경기도권선구',31),(31013,'경기도팔달구',31),(31014,'경기도영통구',31),(31020,'경기도성남시',31),(31021,'경기도수정구',31),(31022,'경기도중원구',31),(31023,'경기도분당구',31),(31030,'경기도의정부시',31),(31040,'경기도안양시',31),(31041,'경기도만안구',31),(31042,'경기도동안구',31),(31050,'경기도부천시',31),(31060,'경기도광명시',31),(31070,'경기도평택시',31),(31080,'경기도동두천시',31),(31090,'경기도안산시',31),(31091,'경기도상록구',31),(31092,'경기도단원구',31),(31100,'경기도고양시',31),(31101,'경기도덕양구',31),(31103,'경기도일산동구',31),(31104,'경기도일산서구',31),(31110,'경기도과천시',31),(31120,'경기도구리시',31),(31130,'경기도남양주시',31),(31140,'경기도오산시',31),(31150,'경기도시흥시',31),(31160,'경기도군포시',31),(31170,'경기도의왕시',31),(31180,'경기도하남시',31),(31190,'경기도용인시',31),(31191,'경기도처인구',31),(31192,'경기도기흥구',31),(31193,'경기도수지구',31),(31200,'경기도파주시',31),(31210,'경기도이천시',31),(31220,'경기도안성시',31),(31230,'경기도김포시',31),(31240,'경기도화성시',31),(31250,'경기도광주시',31),(31260,'경기도양주시',31),(31270,'경기도포천시',31),(31280,'경기도여주시',31),(31550,'경기도연천군',31),(31570,'경기도가평군',31),(31580,'경기도양평군',31),(32010,'강원도춘천시',32),(32020,'강원도원주시',32),(32030,'강원도강릉시',32),(32040,'강원도동해시',32),(32050,'강원도태백시',32),(32060,'강원도속초시',32),(32070,'강원도삼척시',32),(32510,'강원도홍천군',32),(32520,'강원도횡성군',32),(32530,'강원도영월군',32),(32540,'강원도평창군',32),(32550,'강원도정선군',32),(32560,'강원도철원군',32),(32570,'강원도화천군',32),(32580,'강원도양구군',32),(32590,'강원도인제군',32),(32600,'강원도고성군',32),(32610,'강원도양양군',32),(33040,'충청북도청주시',33),(33041,'충청북도상당구',33),(33042,'충청북도서원구',33),(33043,'충청북도흥덕구',33),(33044,'충청북도청원구',33),(33020,'충청북도충주시',33),(33030,'충청북도제천시',33),(33520,'충청북도보은군',33),(33530,'충청북도옥천군',33),(33540,'충청북도영동군',33),(33590,'충청북도증평군',33),(33550,'충청북도진천군',33),(33560,'충청북도괴산군',33),(33570,'충청북도음성군',33),(33580,'충청북도단양군',33),(34010,'충청남도천안시',34),(34011,'충청남도동남구',34),(34012,'충청남도서북구',34),(34020,'충청남도공주시',34),(34030,'충청남도보령시',34),(34040,'충청남도아산시',34),(34050,'충청남도서산시',34),(34060,'충청남도논산시',34),(34070,'충청남도계룡시',34),(34080,'충청남도당진시',34),(34510,'충청남도금산군',34),(34530,'충청남도부여군',34),(34540,'충청남도서천군',34),(34550,'충청남도청양군',34),(34560,'충청남도홍성군',34),(34570,'충청남도예산군',34),(34580,'충청남도태안군',34),(35010,'전라북도전주시',35),(35011,'전라북도완산구',35),(35012,'전라북도덕진구',35),(35020,'전라북도군산시',35),(35030,'전라북도익산시',35),(35040,'전라북도정읍시',35),(35050,'전라북도남원시',35),(35060,'전라북도김제시',35),(35510,'전라북도완주군',35),(35520,'전라북도진안군',35),(35530,'전라북도무주군',35),(35540,'전라북도장수군',35),(35550,'전라북도임실군',35),(35560,'전라북도순창군',35),(35570,'전라북도고창군',35),(35580,'전라북도부안군',35),(36010,'전라남도목포시',36),(36020,'전라남도여수시',36),(36030,'전라남도순천시',36),(36040,'전라남도나주시',36),(36060,'전라남도광양시',36),(36510,'전라남도담양군',36),(36520,'전라남도곡성군',36),(36530,'전라남도구례군',36),(36550,'전라남도고흥군',36),(36560,'전라남도보성군',36),(36570,'전라남도화순군',36),(36580,'전라남도장흥군',36),(36590,'전라남도강진군',36),(36600,'전라남도해남군',36),(36610,'전라남도영암군',36),(36620,'전라남도무안군',36),(36630,'전라남도함평군',36),(36640,'전라남도영광군',36),(36650,'전라남도장성군',36),(36660,'전라남도완도군',36),(36670,'전라남도진도군',36),(36680,'전라남도신안군',36),(37010,'경상북도포항시',37),(37011,'경상북도남구',37),(37012,'경상북도북구',37),(37020,'경상북도경주시',37),(37030,'경상북도김천시',37),(37040,'경상북도안동시',37),(37050,'경상북도구미시',37),(37060,'경상북도영주시',37),(37070,'경상북도영천시',37),(37080,'경상북도상주시',37),(37090,'경상북도문경시',37),(37100,'경상북도경산시',37),(37510,'경상북도군위군',37),(37520,'경상북도의성군',37),(37530,'경상북도청송군',37),(37540,'경상북도영양군',37),(37550,'경상북도영덕군',37),(37560,'경상북도청도군',37),(37570,'경상북도고령군',37),(37580,'경상북도성주군',37),(37590,'경상북도칠곡군',37),(37600,'경상북도예천군',37),(37610,'경상북도봉화군',37),(37620,'경상북도울진군',37),(37630,'경상북도울릉군',37),(38110,'경상남도창원시',38),(38111,'경상남도의창구',38),(38112,'경상남도성산구',38),(38113,'경상남도마산합포구',38),(38114,'경상남도마산회원구',38),(38115,'경상남도진해구',38),(38030,'경상남도진주시',38),(38050,'경상남도통영시',38),(38060,'경상남도사천시',38),(38070,'경상남도김해시',38),(38080,'경상남도밀양시',38),(38090,'경상남도거제시',38),(38100,'경상남도양산시',38),(38510,'경상남도의령군',38),(38520,'경상남도함안군',38),(38530,'경상남도창녕군',38),(38540,'경상남도고성군',38),(38550,'경상남도남해군',38),(38560,'경상남도하동군',38),(38570,'경상남도산청군',38),(38580,'경상남도함양군',38),(38590,'경상남도거창군',38),(38600,'경상남도합천군',38),(39010,'제주특별자치도제주시',39),(39020,'제주특별자치도서귀포시',39);
select * from sido;

INSERT INTO paytype (id, type) values(0,'에러'),(1,'시급'),(2,'일급'),(3,'월급'),(4,'연봉');
select * from paytype;

INSERT INTO WORKTYPE  (ID, NAME) VALUES (01,'경영·사무·금융·보험'),(02,'연구 및 공학기술'),(03,'교육·법률·사회복지·경찰·소방 및 군인'),(04,'보건·의료'),(05,'예술·디자인·방송·스포츠'),(06,'미용·여행·숙박·음식·경비·돌봄·청소'),(07,'영업·판매·운전·운송'),(08,'건설·채굴'),(09,'설치·정비·생산-기계·금속·재료'),(10,'설치·정비·생산-전기·전자·정보통신'),(11,'설치·정비·생산-화학·환경·섬유·의복·식품가공'),(12,'설치·정비·생산-인쇄·목재·공예 및 제조 단순'),(13,'농림어업직');
select * from WORKTYPE;

INSERT INTO company(ID, NAME, SECTOR, SIZE, ESTABLISHED, ANNUAL_SALES, HOMEPAGE, WORKERCNT)VALUES(1,'나다음 에듀','사회교육시설','-','-','-','-',4),(2,'농업회사법인행복 주식회사','도축, 육류 가공 및 저장 처리업','중소기업','2010.04.26','12,000 백만원','-',42),(3,'(주)대광테크3공장','기타 구조용 금속제품 제조업','-','-','-','-',13),(4,'창원여성인력개발센터','교육 서비스업','기타','-','-','http://www.cwcenter.or.kr',18),(5,'(주)커리어넷','상용 인력 공급 및 인사관리 서비스업','중견기업','2003.10.29','20,335 백만원','www.career.co.kr',320),(6,'정시용세무회계사무소','세무사업','-','-','-','-',6),(7,'삼천산업(주)','기타 가정용 전기기기 제조업','중소기업','1986.05.23','-','-',167),(8,'흥화중건설기계','건설장비 운영업','중소기업','1995.05.27','-','-',50),(9,'삼금공업(주)','자동차 및 트레일러 제조업','중소기업','-','-','http://',28),(10,'성화아이엔지(주)','자동차용 신품 조향장치 및 현가 장치 제조업','-','-','1,000 백만원','-',26),(11,'(주)육아프렌즈','사회복지 상담서비스 제공업','-','-','-','-',1),(12,'(주)다정하이테크','목재 보존, 방부처리, 도장 및 유사 처리업','중소기업','2009.09.02','-','-',22),(13,'도봉여성센터','그 외 기타 비거주 복지 서비스업','기타','-','-','www.dobongwoman.or.kr',13),(14,'(주)고려비엔피','동물용 의약품 제조업','중소기업','1988.01.08','41,934 백만원','www.kbnp.co.kr',128),(15,'(주)브이텍','기체 펌프 및 압축기 제조업','중소기업','-','-','-',32),(16,'(주)푸르다산림조경','그 외 기타 달리 분류되지 않은 제품 제조업','-','-','-','-',2),(17,'(주)대구스텐레스','도매 및 상품 중개업','중소기업','1994.06.15','1 백만원','http://',20),(18,'세창프라스틱(주)','그 외 기타 플라스틱 제품 제조업','중소기업','1996.12.16','-','플라스틱성형.한국/',40),(19,'(주)한미식품','두부 및 유사식품 제조업','중소기업','1998.03.13','280 백만원','www.hanmifood.co.kr',175),(20,'제일정밀','그 외 기타 분류 안된 금속 가공 제품 제조업','-','-','-','http://',10),(21,'(주)Y.E.S세진','컴퓨터 및 주변장치, 소프트웨어 도매업','중소기업','2000.01.26','-','http://',10),(22,'(주)티.에스.이','전자부품, 컴퓨터, 영상, 음향 및 통신장비 제조업','중소기업','-','3,600 백만원','http://tshitec.com',45),(23,'주식회사 콜포유','콜센터 및 텔레마케팅 서비스업','중소기업','2017.01.10','200,000 백만원','www.callforyou.co.kr',3),(24,'주식회사동남','금속가공제품 제조업; 기계 및 가구 제외','중소기업','-','3,000 백만원','http://',16),(25,'(주)대성에프앤비','가금류 가공 및 저장 처리업','중소기업','2021.08.30','130 백만원','-',25),(26,'대한불교천태종 대광사','기타 종교 단체','-','-','-','-',10),(27,'(주)본가쌀로만','채소류, 서류 및 향신작물류 도매업','중소기업','2016.04.18','-','-',8),(28,'주식회사삼협폴리머','그 외 기타 상품 전문 도매업','중소기업','2015.11.27','-','-',4),(29,'(주)제이엠산업구항점','벽 및 바닥 피복용 플라스틱제품 제조업','-','-','-','-',23),(30,'(주)정명하이텍','펄프, 종이 및 종이제품 제조업','중소기업','2013.06.21','-','http://',28),(31,'재)충북기업진흥원','기타 부동산 임대업','중소기업','-','-','-',69),(32,'뉴태광산업','고무 및 플라스틱제품 제조업','중소기업','-','70 백만원','http://',22),(33,'에스엠티','그 외 기타 종이 및 판지 제품 제조업','-','-','-','-',9),(34,'더로지스주식회사','화물운송 중개, 대리 및 관련 서비스업','중소기업','2008.09.25','12,000 백만원','www.thelogis.com',55),(35,'융진상사','도매 및 상품 중개업','중소기업','-','150 백만원','http://',6),(36,'낙랑식품','신선, 냉동 및 기타 수산물 도매업','-','-','1,200 백만원','http://naklangfood.com/',3),(37,'주식회사 에스알코리아','상품 종합 중개업','중소기업','2017.01.16','-','www.srkorea.kr',20),(38,'욱일산업(주)','자동차 및 트레일러 제조업','중소기업','2009.10.07','16,000 백만원','ukil.kr',48),(39,'(주)비에스푸드','육류 기타 가공 및 저장처리업 (가금류 제외)','중소기업','2014.01.06','-','-',14),(40,'대동정밀(주)','자동차 및 트레일러 제조업','중소기업','2001.02.03','13,000 백만원','www.daedong-p.com',75),(41,'주식회사 미토','비료 및 질소화합물 제조업','중소기업','2003.09.23','52 백만원','http://',7),(42,'(주)와이에이치','기타 신발 제조업','중소기업','2010.12.29','-','http://',30),(43,'하나티엠에스(주)','사업지원 서비스업','중소기업','2016.02.18','-','-',25),(44,'주식회사 이엔텍','자동차 및 트레일러 제조업','중소기업','1998.03.27','6,800 백만원','-',20),(45,'(주)제일종합식품상사','도매 및 상품 중개업','중소기업','-','-','http://',10),(46,'(주)삼홍기계','반도체 제조용 기계 제조업','중소기업','2022.04.27','-','-',62),(47,'(주)케이씨씨건설','교량, 터널 및 철도 건설업','대기업','1989.01.27','-','-',12),(48,'신성종합건설주식회사','건설업본사','중소기업','1994.10.01','-','-',22),(49,'(주)신우에프에이이십일','기타 기계 및 장비 제조업','중소기업','2003.08.29','2,000 백만원','-',4),(50,'(주)신성에너텍','코크스, 연탄 및 석유정제품 제조업','중소기업','2001.09.04','10,300 백만원','-',15),(51,'(주) 동방파스텍','일반철물 제조업','중소기업','-','20,000 백만원','-',68),(52,'(주)케이티씨에스','그 외 기타 정보 서비스업','대기업','2001.06.27','-','https://www.ktcs.co.kr',6),(53,'창원중앙병원','일반 병원','중소기업','-','1,500 백만원','-',92),(54,'(주)하이스텐','금속가공제품 제조업; 기계 및 가구 제외','중소기업','-','8,000 백만원','http://www.histen.co.kr',60),(55,'세무법인새빛','세무사업','-','-','-','-',4),(56,'고용노동부부산지방고용노동청통영지청','공공행정, 국방 및 사회보장 행정','-','-','-','moel.go.kr/tongyeong',110),(57,'태양기계(주)','기타 기계 및 장비 제조업','중소기업','2004.12.02','1,000 백만원','www.tymt.co.kr',5),(58,'(주)양광종합관리','사업시설 유지ㆍ관리 서비스업','중소기업','2007.06.26','100 백만원','-',80),(59,'새만금준설(주)','토공사업','중소기업','2019.03.15','-','http://',45),(60,'주식회사 오다다','응용 소프트웨어 개발 및 공급업','중소기업','2013.10.28','-','jbbuller.kr',10),(61,'마포공덕에스앤유피부과','일반 의원','기타','-','-','-',20),(62,'JM행정사사무소','정부기관 일반 보조 행정','중소기업','-','200 백만원','www.lawjm.net',4),(63,'(주)현장종합관리','사업시설 유지ㆍ관리 서비스업','중소기업','1992.12.15','4,000 백만원','-',3),(64,'(주)신성테크','자동차 및 트레일러 제조업','중소기업','2003.10.20','8,200 백만원','www.sstop.ai',48),(65,'(주)삼명테크','전기장비 제조업','중소기업','2000.01.28','2,888 백만원','www,smtgoods.com',16),(66,'인천공항시설관리주식회사','그 외 기타 분류 안된 운송 관련 서비스업','중소기업','2017.09.13','-','http://airportfc.co.kr',3500),(67,'천안고용노동지청','입법기관','-','-','-','https://www.moel.go.kr/local/cheonan/index.do',3551),(68,'대한합성화학공업(주)안산','그 외 기타 분류 안된 화학제품 제조업','-','-','-','-',18),(69,'주식회사성산건설','그 외 기타 건축 마무리 공사업','중소기업','-','-','-',6),(70,'(주)멘토니아','인력 공급업','중소기업','2007.08.02','20,000 백만원','mentornia.com',80),(71,'주식회사 무성하네스','자동차 재제조 부품 제조업','중소기업','2020.09.11','300 백만원','-',60),(72,'조은플라텍','고무 및 플라스틱제품 제조업','중소기업','-','-','-',20),(73,'(주)나라판넬','금속가공제품 제조업; 기계 및 가구 제외','중소기업','2005.05.27','30,000 백만원','http://www.narapannel.com',38),(74,'오케이티엘(주)','응용 소프트웨어 개발 및 공급업','중소기업','2010.09.13','-','oktl.co.kr',18),(75,'정보철강주식회사','1차 금속제품 도매업','중소기업','1999.07.07','1,600 백만원','-',30),(76,'한가람통상(주)','기타 자동차 신품 부품 및 내장품 판매업','중소기업','-','-','-',4),(77,'이오판넬','구조용 금속 판제품 및 공작물 제조업','중소기업','2008.04.16','5,000 백만원','-',18),(78,'주식회사 소닉','일반 창고업','중소기업','2018.11.15','-','-',9),(79,'(주)그린워커','조경 관리 및 유지 서비스업','중소기업','2018.12.05','-','-',45),(80,'아미스(주)','그 외 기타 분류 안된 사업지원 서비스업','중소기업','-','1,187 백만원','-',60),(81,'(주)대경열처리','금속 열처리업','중소기업','2012.07.17','38 백만원','-',30),(82,'H테크','그 외 기타 달리 분류되지 않은 제품 제조업','중소기업','-','1,000 백만원','-',20),(83,'금강도시환경(주)','폐기물 수집, 운반, 처리 및 원료 재생업','-','-','-','-',28),(84,'우경상사','도매 및 상품 중개업','중소기업','-','2,000 백만원','www.wkgift.co.kr',3),(85,'실력산업(주)','자동차용 신품 동력전달장치 제조업','중소기업','1997.02.25','3,000 백만원','-',140),(86,'한살림사업연합','산업용 농ㆍ축산물, 섬유 원료 및 동물 중개업','중소기업','-','1,232 백만원','www.hansalim.co.kr',293),(87,'주식회사 유심천레저산업','유원지 및 테마파크 운영업','중소기업','2018.05.11','12,549 백만원','http://u-world.kr/',100),(88,'주식회사 유이팜','의약품 도매업','-','-','800 백만원','-',3),(89,'이케이맨파워㈜','인력 공급업','중견기업','1990.10.29','50,000 백만원','www.ekmanpower.co.kr',3507),(90,'변호사박석훈법률사무소','변호사업','-','-','-','-',1),(91,'삼아정공주식회사','그 외 기타 전자부품 제조업','중소기업','2012.01.02','-','http://www.samajg.co.kr',18),(92,'모원건설(주)','그 외 기타 건축 마무리 공사업','-','-','2,858 백만원','-',8),(93,'김성극회계사무소','사업지원 서비스업','중소기업','-','250 백만원','http://',7),(94,'주식회사 디오토몰모터스','자동차 종합 수리업','중소기업','2017.08.22','1,700 백만원','-',8),(95,'(주)글로벌공간','기타 산업용 농산물 도매업','중소기업','2017.03.28','2,000 백만원','www.gspace.co.kr',6),(96,'한창종합물류(주)','일반 화물자동차 운송업','중소기업','-','-','http://',11),(97,'(주) 해도지에프엔비','과실, 채소 가공 및 저장 처리업','중소기업','2011.01.07','1,000 백만원','www.haedogi.net/',27),(98,'마루스톤','건설용 석제품 제조업','중소기업','2019.09.24','-','-',1),(99,'난쓰네코리아(주)','기타 기계 및 장비 제조업','중소기업','-','4,000 백만원','www.nantsunekorea.com',13),(100,'사단법인 한국고용서비스진흥원','기타 교육지원 서비스업','-','-','-','dev.ikesa.org/iKesa/index.asp',19),(101,'현대삼호중공업(주)','기타 기계 및 장비 제조업','대기업','1998.11.04','-','http://www.hshi.co.kr/',4300),(102,'(주)한국고용정보','인력 공급업','중견기업','1998.04.21','-','kbsjob.co.kr',4500),(103,'(주)서빅','사업시설 유지ㆍ관리 서비스업','중견기업','2007.04.16','-','http://www.servic.co.kr',1300),(104,'주식회사혜인종합건설','건설업본사','중소기업','2020.01.13','1,000 백만원','-',5),(105,'(주)성호건설','기타 옥외 시설물 축조 관련 전문공사업','중소기업','2015.01.13','1,000 백만원','-',4),(106,'(주)아런','그 외 기타 건축자재 도매업','중소기업','2017.10.31','-','-',12),(107,'(주)케이엠씨','자동차 재제조 부품 제조업','중소기업','1995.12.01','30,000 백만원','http://www.kmce.co.kr',119),(108,'여동일세무사사무소','세무사업','-','-','250 백만원','-',2),(109,'(주)유비오토','기타 가죽제품 제조업','중소기업','2015.12.17','2,300 백만원','www.ubauto.com',13),(110,'(주)세안해운','외항 화물 운송업','중소기업','2007.12.18','15,000 백만원','-',4),(111,'(주)무유','기타 목재가구 제조업','중소기업','2014.05.01','200,000 백만원','www.dreamsjoseph.com',33),(112,'씨에스주식회사','일반 목적용 기계 제조업','중소기업','2001.05.03','6,000 백만원','www.cskorea.biz',13),(113,'세담세무회계','세무사업','-','-','-','-',4),(114,'(주)준테크','그 외 기타 전자부품 제조업','중소기업','2007.11.13','5,000 백만원','http://www.juntech.co.kr/web/',82),(115,'다올기초(주)','토공사업','중소기업','2012.04.25','6,000 백만원','-',15),(116,'대구경북주물사업협동조합','기타 개인 서비스업','-','-','-','-',8),(117,'신월메탈','기타 구조용 금속제품 제조업','-','-','250 백만원','-',3),(118,'양촌신용협동조합','신용조합','기타','-','3,988 백만원','-',14),(119,'세무사전구식사무소','세무사업','중소기업','-','-','-',6),(120,'세무법인 오현','회계 및 세무관련 서비스업','중소기업','2018.01.30','-','-',11),(121,'엠앤비여성병원','일반 병원','중소기업','-','-','www.mnbmedi.co.k',90),(122,'광주광역시식자재공급업협동조합','상품 종합 도매업','중소기업','2013.02.27','-','-',6),(123,'(주)여수룬인터내셔널','섬유 원단, 실 및 기타 섬유제품 소매업','-','-','-','www.jeshurun.co.kr',30),(124,'(주)삼오테크','그 외 기타 고무제품 제조업','중소기업','2001.01.09','30,339 백만원','-',120),(125,'(사)캠틱종합기술원','기타 엔지니어링 서비스업','중소기업','-','8,000 백만원','www.camtic.or.kr',120),(126,'서정대학교','전문대학','-','-','-','-',94),(127,'(주)엔티에스','전자부품, 컴퓨터, 영상, 음향 및 통신장비 제조업','중소기업','-','-','-',17),(128,'두영실업(주)','그 외 기타 플라스틱 제품 제조업','중소기업','1992.12.16','75,000 백만원','953 두영실업㈜ 6871',36),(129,'주식회사쇼엠','데이터베이스 및 온라인정보 제공업','-','-','-','-',130),(130,'신뢰기업','자동차 재제조 부품 제조업','중소기업','-','-','-',10),(131,'엠티지통상','기타 산업용 기계 및 장비 도매업','중소기업','-','-','www.mtgtrade.co.kr',7),(132,'비엔지시스템(주)','실내건축 및 건축마무리 공사업','중소기업','2015.04.02','4,800 백만원','-',7),(133,'(주)대덕휴비즈','경비 및 경호 서비스업','중견기업','1994.12.06','60,000 백만원','www.daiduck.co.kr',750),(134,'(주)기성정공','주형 및 금형 제조업','중소기업','2009.04.13','-','953 ㈜기성정공 9308',29),(135,'더원이엔씨 노무법인','기타 법무관련 서비스업','중소기업','2014.02.10','-','www.theonehr.co.kr',14);
select * from company;

INSERT INTO announce ( TITLE, CAREER, EDUCATION, EMP_P, EMP_T, COMPANY_ID, WORKTYPE_ID, PAYTYPE_ID, PAYMONEY,SIDO_ID, DETAIL_ADD,URL)VALUES ('진로비전교육기관 행정사무원 구인','관계없음','대졸(4년) ~ 박사','기간의 정함이 없는 근로계약','주 5일 근무',1,1,1,9160,'22060','동대구로80길14,514호','https://www.work.go.kr/empInfo/empInfoSrch/detail/empDetailAuthView.do?searchInfoType=VALIDATION&callPage=detail&wantedAuthNo=KF10882210040016&rtnTarget=list1'),('품질관리 담당 직원 모집합니다','관계없음','학력무관','기간의 정함이 없는 근로계약','주 5일 근무',2,1,3,1910000,'34030','청소면청소큰길254,농업회사법인행복(주)','https://www.work.go.kr/empInfo/empInfoSrch/detail/empDetailAuthView.do?searchInfoType=VALIDATION&callPage=detail&wantedAuthNo=K172222210040055&rtnTarget=list2'),('경리사무원 모집','관계없음','학력무관','기간의 정함이 없는 근로계약','주 5일 근무',3,1,3,2000000,'21120','과학산단2로19번길116,(주)대광테크3공장(지사동)','https://www.work.go.kr/empInfo/empInfoSrch/detail/empDetailAuthView.do?searchInfoType=VALIDATION&callPage=detail&wantedAuthNo=K130232210040238&rtnTarget=list3'),('생산 관리 (00명) 및 품질 관리 (00명) 모집','관계없음','학력무관','기간의 정함이 없는 근로계약','주 5일 근무',3,1,4,28000000,'21120','과학산단2로19번길116,(주)대광테크3공장(지사동)','https://www.work.go.kr/empInfo/empInfoSrch/detail/empDetailAuthView.do?searchInfoType=VALIDATION&callPage=detail&wantedAuthNo=K130232210040237&rtnTarget=list4'),('창원여성새로일하기센터 취업상담사 대체인력 채용','관계없음','학력무관','기간의 정함이 있는 근로계약','주 5일 근무',4,1,3,1920000,'38110','성산구대정로20번길11(가음동)','https://www.work.go.kr/empInfo/empInfoSrch/detail/empDetailAuthView.do?searchInfoType=VALIDATION&callPage=detail&wantedAuthNo=KF10802210040007&rtnTarget=list5'),('[(주)커리어넷] 국민취업지원제도 서울관악지사 직업상담사 채용','관계없음','대졸(2~3년) ~ 박사','기간의 정함이 없는 근로계약','주 5일 근무',5,1,4,25000000,'11200','여의대방로286,영광빌딩2층(주)커리어넷서울관악지사(대방동)','https://www.work.go.kr/empInfo/empInfoSrch/detail/empDetailAuthView.do?searchInfoType=VALIDATION&callPage=detail&wantedAuthNo=K120612210040194&rtnTarget=list6'),('세무사사무소 회계사무원(경력3년이상)구함','경력 (최소 3년 0 개월 이상) 필수','학력무관','기간의 정함이 없는 근로계약','주 5일 근무',6,1,4,27000000,'25040','동서대로679,위더스타워402호(원신흥동)','https://www.work.go.kr/empInfo/empInfoSrch/detail/empDetailAuthView.do?searchInfoType=VALIDATION&callPage=detail&wantedAuthNo=K170052210040088&rtnTarget=list7'),('영업관리팀 제품출하 관리업무','관계없음','고졸 ~ 대졸(4년)','기간의 정함이 있는 근로계약','주 5일 근무',7,1,1,9160,'38110','의창구평산로24(팔용동)','https://www.work.go.kr/empInfo/empInfoSrch/detail/empDetailAuthView.do?searchInfoType=VALIDATION&callPage=detail&wantedAuthNo=K131132210040135&rtnTarget=list8'),('건설회사 경리, 더존프로그램 보조입력직원 구합니다.(더존입력경력자 우대)','경력 (최소 1년 0 개월 이상) 필수','고졸 ~ 대졸(4년)','기간의 정함이 없는 근로계약','주 5일 근무',8,1,3,2100000,'21060','온천천로259,1층(수안동)','https://www.work.go.kr/empInfo/empInfoSrch/detail/empDetailAuthView.do?searchInfoType=VALIDATION&callPage=detail&wantedAuthNo=K130112210040164&rtnTarget=list9'),('경리사무직 모집','경력 (최소 1년 0 개월 이상) 우대','학력무관','기간의 정함이 없는 근로계약','주 5일 근무',9,1,3,1910000,'37030','공단4길69,삼금공업(주)(응명동)','https://www.work.go.kr/empInfo/empInfoSrch/detail/empDetailAuthView.do?searchInfoType=VALIDATION&callPage=detail&wantedAuthNo=K141222210040032&rtnTarget=list10'),('자재관리사원모집(자동차부품)','관계없음','학력무관','기간의 정함이 없는 근로계약','주 5일 근무',10,1,1,9160,'21120','르노삼성대로61,삼성자동차내(신호동)','https://www.work.go.kr/empInfo/empInfoSrch/detail/empDetailAuthView.do?searchInfoType=VALIDATION&callPage=detail&wantedAuthNo=K130232210040228&rtnTarget=list11'),('상담센터 고객관리 사무원 구인','신입','학력무관','기간의 정함이 없는 근로계약','주 5일 근무',11,1,3,1950000,'22060','수성로412,202호(수성동4가,수성보성타운)','https://www.work.go.kr/empInfo/empInfoSrch/detail/empDetailAuthView.do?searchInfoType=VALIDATION&callPage=detail&wantedAuthNo=K140112210040068&rtnTarget=list12'),('경력(목재) 영업관리 사무원','경력 (최소 3년 0 개월 이상) 필수','학력무관','기간의 정함이 없는 근로계약','주 5일 근무',12,1,4,36000000,'23080','북항로363번길14-11,(주)다정하이테크(원창동)','https://www.work.go.kr/empInfo/empInfoSrch/detail/empDetailAuthView.do?searchInfoType=VALIDATION&callPage=detail&wantedAuthNo=K150122210040147&rtnTarget=list13'),('도봉여성센터 교육팀 직원 채용공고','관계없음','학력무관','기간의 정함이 있는 근로계약','주 5일 근무',13,1,3,2190000,'11100','도당로134,6층(방학동)','https://www.work.go.kr/empInfo/empInfoSrch/detail/empDetailAuthView.do?searchInfoType=VALIDATION&callPage=detail&wantedAuthNo=KF11352210040006&rtnTarget=list14'),('※(주)고려비엔피 자금총무팀 채용','관계없음','대졸(2~3년) ~ 대졸(4년)','기간의 정함이 있는 근로계약','주 5일 근무',14,1,4,29000000,'31040','동안구흥안대로415,두산벤쳐다임서관706호(평촌동)','https://www.work.go.kr/empInfo/empInfoSrch/detail/empDetailAuthView.do?searchInfoType=VALIDATION&callPage=detail&wantedAuthNo=K172112210040205&rtnTarget=list15'),('영업관리 사무원 모집','신입','대졸(2~3년) ~ 대졸(4년)','기간의 정함이 없는 근로계약','주 5일 근무',15,1,4,27000000,'11180','시흥대로281,새한벤처월드206호(시흥동)','https://www.work.go.kr/empInfo/empInfoSrch/detail/empDetailAuthView.do?searchInfoType=VALIDATION&callPage=detail&wantedAuthNo=K130232210040224&rtnTarget=list16'),('경력(목재) 영업관리 사무원','경력 (최소 3년 0 개월 이상) 필수','학력무관','기간의 정함이 없는 근로계약','주 5일 근무',16,1,4,36000000,'23080','북항로106(원창동)','https://www.work.go.kr/empInfo/empInfoSrch/detail/empDetailAuthView.do?searchInfoType=VALIDATION&callPage=detail&wantedAuthNo=K150122210040143&rtnTarget=list17'),('경리 직원 모집/충원모집','관계없음','학력무관','기간의 정함이 없는 근로계약','주 5일 근무',17,1,3,2400000,'22050','노원로17길40(노원동3가)','https://www.work.go.kr/empInfo/empInfoSrch/detail/empDetailAuthView.do?searchInfoType=VALIDATION&callPage=detail&wantedAuthNo=K140142210040061&rtnTarget=list18'),('자재팀 보조업무 관리담당 채용','관계없음','학력무관','기간의 정함이 없는 근로계약','주 5일 근무',18,1,3,2800000,'31070','서탄면수월암4길62,세창프라스틱(주)','https://www.work.go.kr/empInfo/empInfoSrch/detail/empDetailAuthView.do?searchInfoType=VALIDATION&callPage=detail&wantedAuthNo=K151712210040129&rtnTarget=list19'),('(주)한미식품 품질팀 (QA, QC) 사원 모집','관계없음','대졸(2~3년) ~ 대졸(4년)','기간의 정함이 없는 근로계약','주 5일 근무',19,1,4,28000000,'34060','강경읍농공단지로8','https://www.work.go.kr/empInfo/empInfoSrch/detail/empDetailAuthView.do?searchInfoType=VALIDATION&callPage=detail&wantedAuthNo=KJND002210040002&rtnTarget=list20'),('품질사무원 구함','경력 (최소 1년 0 개월 이상) 필수','학력무관','기간의 정함이 없는 근로계약','주 5일 근무',20,1,1,10000,'38100','유산공단8길78-26(유산동)','https://www.work.go.kr/empInfo/empInfoSrch/detail/empDetailAuthView.do?searchInfoType=VALIDATION&callPage=detail&wantedAuthNo=K131332210040089&rtnTarget=list21'),('제조생산관리 지원','신입','학력무관','기간의 정함이 없는 근로계약','주 5일 근무',18,1,3,2200000,'31070','서탄면수월암4길62,세창프라스틱(주)','https://www.work.go.kr/empInfo/empInfoSrch/detail/empDetailAuthView.do?searchInfoType=VALIDATION&callPage=detail&wantedAuthNo=K151712210040127&rtnTarget=list22'),('사무기 영업 및 기자재 응용 A/S 관리 채용 공고','경력 (최소 1년 0 개월 이상) 우대','학력무관','기간의 정함이 없는 근로계약','주 5일 근무',21,1,3,2200000,'21070','신선로347,1층(주)Y.E.S세진(용당동)','https://www.work.go.kr/empInfo/empInfoSrch/detail/empDetailAuthView.do?searchInfoType=VALIDATION&callPage=detail&wantedAuthNo=K130042210040124&rtnTarget=list23'),('구매및 원가관리 경력직 사원 모집','경력 (최소 3년 0 개월 이상) 우대','대졸(2~3년)','기간의 정함이 없는 근로계약','주 5일 근무',22,1,4,32000000,'37050','고아읍농공단지길27','https://www.work.go.kr/empInfo/empInfoSrch/detail/empDetailAuthView.do?searchInfoType=VALIDATION&callPage=detail&wantedAuthNo=K141212210040098&rtnTarget=list24'),('[서울/혜화역] 국가문화예술지원시스템 고객센터 전문상담원(계약직) 모집','관계없음','학력무관','기간의 정함이 있는 근로계약','주 5일 근무',23,1,3,1910000,'31050','길주로284,헤리움메트로타워421호(중동)','https://www.work.go.kr/empInfo/empInfoSrch/detail/empDetailAuthView.do?searchInfoType=VALIDATION&callPage=detail&wantedAuthNo=K151232210040107&rtnTarget=list25'),('(주)동남 품질보증업무 담당자 모집','관계없음','학력무관','기간의 정함이 없는 근로계약','주 5일 근무',24,1,4,27000000,'31150','공단2대로86,시화공단1바302(정왕동)','https://www.work.go.kr/empInfo/empInfoSrch/detail/empDetailAuthView.do?searchInfoType=VALIDATION&callPage=detail&wantedAuthNo=K151412210040197&rtnTarget=list26'),('haccp 관리자모집','경력 (최소 2년 0 개월 이상) 우대','대졸(2~3년)','기간의 정함이 있는 근로계약(시간(선택)제)','주 5일 근무',25,1,3,2400000,'31260','광적면현석로500','https://www.work.go.kr/empInfo/empInfoSrch/detail/empDetailAuthView.do?searchInfoType=VALIDATION&callPage=detail&wantedAuthNo=K151582210040063&rtnTarget=list27'),('분당 서울대병원 옆 대광사에서 사무원을 구합니다.','신입','학력무관','기간의 정함이 없는 근로계약','주 5일 근무',26,1,3,1970000,'31020','분당구구미로185번길30(구미동)','https://www.work.go.kr/empInfo/empInfoSrch/detail/empDetailAuthView.do?searchInfoType=VALIDATION&callPage=detail&wantedAuthNo=K151632210040102&rtnTarget=list28'),('경리/사무직 경력사원 모집','경력 (최소 1년 0 개월 이상) 우대','고졸 ~ 대졸(4년)','기간의 정함이 없는 근로계약','주 5일 근무',27,1,3,1940000,'38100','덕계둑길20,(주)본가쌀로만(덕계동)','https://www.work.go.kr/empInfo/empInfoSrch/detail/empDetailAuthView.do?searchInfoType=VALIDATION&callPage=detail&wantedAuthNo=K131332210040086&rtnTarget=list29'),('함께 일할 사무실직원을 구합니다','경력 (최소 1년 0 개월 이상) 필수','학력무관','기간의 정함이 없는 근로계약','주 5일 근무',28,1,3,2300000,'31130','진건읍진관로562번길153,삼협폴리머','https://www.work.go.kr/empInfo/empInfoSrch/detail/empDetailAuthView.do?searchInfoType=VALIDATION&callPage=detail&wantedAuthNo=K151572210040101&rtnTarget=list30'),('총무 및 일반관리 사원 모집','관계없음','고졸 ~ 대졸(2~3년)','기간의 정함이 없는 근로계약','주 5일 근무',29,1,4,30000000,'34560','구항면충서로966번길41-66','https://www.work.go.kr/empInfo/empInfoSrch/detail/empDetailAuthView.do?searchInfoType=VALIDATION&callPage=detail&wantedAuthNo=K172222210040053&rtnTarget=list31'),('경리직(남여구분 없음)','경력 (최소 1년 0 개월 이상) 우대','고졸 ~ 대졸(2~3년)','기간의 정함이 없는 근로계약','주 5일 근무',30,1,3,2300000,'31250','초월읍용수길131','https://www.work.go.kr/empInfo/empInfoSrch/detail/empDetailAuthView.do?searchInfoType=VALIDATION&callPage=detail&wantedAuthNo=K151652210040117&rtnTarget=list32'),('일자리지원사업 업무보조 기간제 직원 모집(2개월)','관계없음','학력무관','기간의 정함이 있는 근로계약','주 5일 근무',31,1,3,1910000,'33040','흥덕구풍산로50,(재)충북기업진흥원(가경동)','https://www.work.go.kr/empInfo/empInfoSrch/detail/empDetailAuthView.do?searchInfoType=VALIDATION&callPage=detail&wantedAuthNo=KJMA002210040003&rtnTarget=list33'),('총무(경리)직원 구인','경력 (최소 1년 0 개월 이상) 우대','고졸 ~ 대졸(4년)','기간의 정함이 없는 근로계약','주 5일 근무',32,1,3,2000000,'31070','산단로103-9(모곡동)','https://www.work.go.kr/empInfo/empInfoSrch/detail/empDetailAuthView.do?searchInfoType=VALIDATION&callPage=detail&wantedAuthNo=K151712210040123&rtnTarget=list34'),('영업 관리사무원 모집','관계없음','대졸(4년)','기간의 정함이 없는 근로계약','주 5일 근무',33,1,3,2700000,'31070','서탄면금암2길48-8,에스엠티','https://www.work.go.kr/empInfo/empInfoSrch/detail/empDetailAuthView.do?searchInfoType=VALIDATION&callPage=detail&wantedAuthNo=K151712210040122&rtnTarget=list35');
select * from announce;
